date,brand,operating_unit,surface,channel,tool,model_or_lane,prompt_path,output_path,overlay_path,dimensions,seconds_to_output,first_read,brand_fit,craft,accessibility,accuracy,usefulness,total_score,decision,notes
2026-08-17,portfolio,shared,product-cover-baseline,internal,Hermes+PIL,grok-4.6 reasoning / grok-imagine-image-quality source,runtime/adapters/hermes/AUDIT-2026-08-17.md,C:/Users/frank/starlight/repos/frankx-strategy/09-evidence/product-funnel-os-2026-08-17/command-center/assets/covers/fx-sprint.webp,,1080x1440,unknown,2,2,2,4,3,2,15,restart,"Generic form template; typed brand label; generated source disconnected from final cover."
2026-08-17,frankx,frankx,product-cover,validation,deterministic HTML/CSS/SVG,deterministic-only,experiments/2026-08-17-product-cover-overhaul/prompt-system.v2.json,C:/Users/frank/brands/image-system/jobs/2026-08-17/product-cover-overhaul-v2/exports/frankx-venture-signal-sprint.png,C:/Users/frank/brands/image-system/jobs/2026-08-17/product-cover-overhaul-v2/masters/frankx-venture-signal-sprint.html,1080x1440,11,5,5,4,5,5,5,29,ship,"Canonical logo; form-specific evidence signal and decision gate; validation label."
2026-08-17,gencreator,gencreator,product-cover,validation,deterministic HTML/CSS,deterministic-only,experiments/2026-08-17-product-cover-overhaul/prompt-system.v2.json,C:/Users/frank/brands/image-system/jobs/2026-08-17/product-cover-overhaul-v2/exports/gencreator-creatorpack.png,C:/Users/frank/brands/image-system/jobs/2026-08-17/product-cover-overhaul-v2/masters/gencreator-creatorpack.html,1080x1440,11,5,5,4,5,5,5,29,ship,"Canonical identity; current owned-work loop made visible."
2026-08-17,sis,sis,product-cover,validation,owned proof + deterministic HTML/CSS,existing-proof-plus-deterministic,experiments/2026-08-17-product-cover-overhaul/prompt-system.v2.json,C:/Users/frank/brands/image-system/jobs/2026-08-17/product-cover-overhaul-v2/exports/sis-sovereign-intelligence-starter-kit.png,C:/Users/frank/brands/image-system/jobs/2026-08-17/product-cover-overhaul-v2/masters/sis-sovereign-intelligence-starter-kit.html,1080x1440,11,5,4,5,5,5,5,29,ship,"Existing sovereignty proof visual; explicit no-logo decision; no fake system state."
2026-08-17,arcanea,arcanea,product-cover,validation,Codex image source + deterministic HTML/CSS,runtime-best-available,experiments/2026-08-17-product-cover-overhaul/prompt-system.v2.json,C:/Users/frank/brands/image-system/jobs/2026-08-17/product-cover-overhaul-v2/exports/arcanea-world-bible.png,C:/Users/frank/brands/image-system/jobs/2026-08-17/product-cover-overhaul-v2/masters/arcanea-world-bible.html,1080x1440,43,5,5,5,4,5,5,29,ship,"Generated source kept separate from canonical product chrome; model id not invented."
2026-08-17,portfolio,shared,portfolio-overview,internal,deterministic HTML/CSS,deterministic-only,experiments/2026-08-17-product-cover-overhaul/product-asset-portfolio.json,C:/Users/frank/brands/image-system/jobs/2026-08-17/product-cover-overhaul-v2/exports/portfolio-overview-1920x1080.png,C:/Users/frank/brands/image-system/jobs/2026-08-17/product-cover-overhaul-v2/masters/portfolio-overview.html,1920x1080,11,5,5,4,5,5,5,29,ship,"Four intact benchmark examples plus manifest-derived release-state counts for all 47 supplied products."
2026-08-17,portfolio,shared,complete-product-matrix,internal,deterministic HTML/CSS,deterministic-only,experiments/2026-08-17-product-cover-overhaul/product-asset-portfolio.json,C:/Users/frank/brands/image-system/jobs/2026-08-17/product-cover-overhaul-v2/exports/portfolio-matrix-all-47-2560x1800.png,C:/Users/frank/brands/image-system/jobs/2026-08-17/product-cover-overhaul-v2/masters/portfolio-matrix-all-47.html,2560x1800,11,5,5,4,5,5,5,29,ship,"All 47 products enumerated by brand, product form, source status, and release classification."
2026-08-17,frankx,frankx,product-cover-founder-review,internal,founder-review,human-preference-gate,foundation-reset/2026-08-17/README.md,C:/Users/frank/brands/image-system/jobs/2026-08-17/product-cover-overhaul-v2/exports/frankx-venture-signal-sprint.png,,1080x1440,,,,,,,,,restart,"Supersedes maker score: rejected dark dashboard grammar, uppercase chrome, and unearned logo/type assumptions."
2026-08-17,gencreator,gencreator,product-cover-founder-review,internal,founder-review,human-preference-gate,foundation-reset/2026-08-17/README.md,C:/Users/frank/brands/image-system/jobs/2026-08-17/product-cover-overhaul-v2/exports/gencreator-creatorpack.png,,1080x1440,,,,,,,,,restart,"Supersedes maker score: rejected generic creator-system aesthetic and cross-brand sameness."
2026-08-17,sis,sis,product-cover-founder-review,internal,founder-review,human-preference-gate,foundation-reset/2026-08-17/README.md,C:/Users/frank/brands/image-system/jobs/2026-08-17/product-cover-overhaul-v2/exports/sis-sovereign-intelligence-starter-kit.png,,1080x1440,,,,,,,,,restart,"Supersedes maker score: rejected dark prestige treatment, uppercase signature, and status chrome."
2026-08-17,arcanea,arcanea,product-cover-founder-review,internal,founder-review,human-preference-gate,foundation-reset/2026-08-17/README.md,C:/Users/frank/brands/image-system/jobs/2026-08-17/product-cover-overhaul-v2/exports/arcanea-world-bible.png,,1080x1440,,,,,,,,,restart,"Supersedes maker score: rejected generic dark fantasy-tech chrome and visual convergence with other brands."
2026-08-17,portfolio,shared,portfolio-founder-review,internal,founder-review,human-preference-gate,foundation-reset/2026-08-17/README.md,C:/Users/frank/brands/image-system/jobs/2026-08-17/product-cover-overhaul-v2/exports/portfolio-overview-1920x1080.png,,1920x1080,,,,,,,,,restart,"Inventory data remains useful; the presentation is quarantined until brand territories are approved."
